<?xml version="1.0" encoding="UTF-8"?>
<project-private xmlns="http://www.netbeans.org/ns/project-private/1">
    <editor-bookmarks xmlns="http://www.netbeans.org/ns/editor-bookmarks/2" lastBookmarkId="0"/>
    <open-files xmlns="http://www.netbeans.org/ns/projectui-open-files/2">
        <group>
            <file>file:/C:/Users/duclt/Desktop/Spring%202017/Java%20Web/01%20-%20The%20Servlet%20Model/U1-Lab1/web/addProducts.html</file>
            <file>file:/C:/Users/duclt/Desktop/Spring%202017/Java%20Web/01%20-%20The%20Servlet%20Model/U1-Lab1/web/index.html</file>
        </group>
    </open-files>
</project-private>
