<?xml version="1.0" encoding="UTF-8"?>
<!DOCTYPE jboss PUBLIC
      "-//JBoss//DTD JBOSS 6.0//EN"
      "http://www.jboss.org/j2ee/dtd/jboss_6_0.dtd">
<jboss>
    <enterprise-beans>
        <session>
            <ejb-name>AccountSessionBean</ejb-name>
            <jndi-name>AccountJNDI</jndi-name>
            <local-jndi-name>AccountJNDILocal</local-jndi-name>
        </session>
        <session>
            <ejb-name>TransactionSessionBean</ejb-name>
            <jndi-name>TransactionJNDI</jndi-name>
            <local-jndi-name>TransactionJNDILocal</local-jndi-name>
        </session>
    </enterprise-beans>
</jboss>
