<?xml version="1.0" encoding="UTF-8"?>
<!DOCTYPE jboss PUBLIC
      "-//JBoss//DTD JBOSS 6.0//EN"
      "http://www.jboss.org/j2ee/dtd/jboss_6_0.dtd">
<jboss>
    <enterprise-beans>
        <session>
            <ejb-name>RegistrationSessionBean</ejb-name>
            <jndi-name>RegJNDI</jndi-name>
            <local-jndi-name>RegJNDILocal</local-jndi-name>
            <resource-ref>
                <res-ref-name>ds</res-ref-name>
                <jndi-name>java:/IA1161EJB3</jndi-name>
            </resource-ref>
        </session>
    </enterprise-beans>
</jboss>
