<?xml version="1.0" encoding="UTF-8"?>
<project-private xmlns="http://www.netbeans.org/ns/project-private/1">
    <editor-bookmarks xmlns="http://www.netbeans.org/ns/editor-bookmarks/2" lastBookmarkId="0"/>
    <open-files xmlns="http://www.netbeans.org/ns/projectui-open-files/2">
        <group>
            <file>file:/D:/Spring%202017/PRJ321%20-%20Web-based%20Java%20Applications/06%20-%20JavaBeans/U6-Lab/web/viewDetails.jsp</file>
            <file>file:/D:/Spring%202017/PRJ321%20-%20Web-based%20Java%20Applications/06%20-%20JavaBeans/U6-Lab/src/java/lab/javabean/ViewDetailBean.java</file>
            <file>file:/D:/Spring%202017/PRJ321%20-%20Web-based%20Java%20Applications/06%20-%20JavaBeans/U6-Lab/src/java/lab/account/AccountDAO.java</file>
            <file>file:/D:/Spring%202017/PRJ321%20-%20Web-based%20Java%20Applications/06%20-%20JavaBeans/U6-Lab/web/processLogin.jsp</file>
            <file>file:/D:/Spring%202017/PRJ321%20-%20Web-based%20Java%20Applications/06%20-%20JavaBeans/U6-Lab/web/view.jsp</file>
            <file>file:/D:/Spring%202017/PRJ321%20-%20Web-based%20Java%20Applications/06%20-%20JavaBeans/U6-Lab/web/index.jsp</file>
            <file>file:/D:/Spring%202017/PRJ321%20-%20Web-based%20Java%20Applications/06%20-%20JavaBeans/U6-Lab/src/java/lab/Controller.java</file>
        </group>
    </open-files>
</project-private>
