<?xml version="1.0" encoding="UTF-8"?>
<project-private xmlns="http://www.netbeans.org/ns/project-private/1">
    <editor-bookmarks xmlns="http://www.netbeans.org/ns/editor-bookmarks/2" lastBookmarkId="0"/>
    <open-files xmlns="http://www.netbeans.org/ns/projectui-open-files/2">
        <group>
            <file>file:/D:/Spring%202017/PRJ321%20-%20Web-based%20Java%20Applications/Projects/BANKING/web/errLogin.html</file>
            <file>file:/D:/Spring%202017/PRJ321%20-%20Web-based%20Java%20Applications/Projects/BANKING/src/java/project/LogoutServlet.java</file>
            <file>file:/D:/Spring%202017/PRJ321%20-%20Web-based%20Java%20Applications/Projects/BANKING/web/transaction.jsp</file>
            <file>file:/D:/Spring%202017/PRJ321%20-%20Web-based%20Java%20Applications/Projects/BANKING/src/java/project/Controller.java</file>
            <file>file:/D:/Spring%202017/PRJ321%20-%20Web-based%20Java%20Applications/Projects/BANKING/web/printTransaction.jsp</file>
            <file>file:/D:/Spring%202017/PRJ321%20-%20Web-based%20Java%20Applications/Projects/BANKING/src/java/project/LoginServlet.java</file>
            <file>file:/D:/Spring%202017/PRJ321%20-%20Web-based%20Java%20Applications/Projects/BANKING/web/transfer.jsp</file>
            <file>file:/D:/Spring%202017/PRJ321%20-%20Web-based%20Java%20Applications/Projects/BANKING/web/errPage.jsp</file>
        </group>
    </open-files>
</project-private>
