<?xml version="1.0" encoding="UTF-8"?>
<project-private xmlns="http://www.netbeans.org/ns/project-private/1">
    <editor-bookmarks xmlns="http://www.netbeans.org/ns/editor-bookmarks/2" lastBookmarkId="0"/>
    <open-files xmlns="http://www.netbeans.org/ns/projectui-open-files/2">
        <group>
            <file>file:/D:/Spring%202017/PRJ321%20-%20Web-based%20Java%20Applications/EJB/IA1161EJB3/IA1161EJB3-war/src/java/sample/LoginServlet.java</file>
            <file>file:/D:/Spring%202017/PRJ321%20-%20Web-based%20Java%20Applications/EJB/IA1161EJB3/IA1161EJB3-war/web/search.jsp</file>
            <file>file:/D:/Spring%202017/PRJ321%20-%20Web-based%20Java%20Applications/EJB/IA1161EJB3/IA1161EJB3-war/web/loginFailed.html</file>
            <file>file:/D:/Spring%202017/PRJ321%20-%20Web-based%20Java%20Applications/EJB/IA1161EJB3/IA1161EJB3-war/src/java/sample/Controller.java</file>
        </group>
    </open-files>
</project-private>
