<?xml version="1.0" encoding="UTF-8"?>
<project-private xmlns="http://www.netbeans.org/ns/project-private/1">
    <editor-bookmarks xmlns="http://www.netbeans.org/ns/editor-bookmarks/2" lastBookmarkId="0"/>
    <open-files xmlns="http://www.netbeans.org/ns/projectui-open-files/2">
        <group>
            <file>file:/D:/Spring%202017/PRJ321%20-%20Web-based%20Java%20Applications/EJB/EJB3-Lab11/EJB3-Lab11-war/web/search.jsp</file>
            <file>file:/D:/Spring%202017/PRJ321%20-%20Web-based%20Java%20Applications/EJB/EJB3-Lab11/EJB3-Lab11-war/src/java/lab/UpdateServlet.java</file>
            <file>file:/D:/Spring%202017/PRJ321%20-%20Web-based%20Java%20Applications/EJB/EJB3-Lab11/EJB3-Lab11-war/src/java/lab/Controller.java</file>
            <file>file:/D:/Spring%202017/PRJ321%20-%20Web-based%20Java%20Applications/EJB/EJB3-Lab11/EJB3-Lab11-war/web/menu.jsp</file>
            <file>file:/D:/Spring%202017/PRJ321%20-%20Web-based%20Java%20Applications/EJB/EJB3-Lab11/EJB3-Lab11-war/src/java/lab/SearchServlet.java</file>
        </group>
    </open-files>
</project-private>
