<?xml version="1.0" encoding="UTF-8"?>
<project-private xmlns="http://www.netbeans.org/ns/project-private/1">
    <editor-bookmarks xmlns="http://www.netbeans.org/ns/editor-bookmarks/2" lastBookmarkId="0"/>
    <open-files xmlns="http://www.netbeans.org/ns/projectui-open-files/2">
        <group>
            <file>file:/D:/Spring%202017/PRJ321%20-%20Web-based%20Java%20Applications/07%20-%20JSTL/U7-Lab/web/view.jsp</file>
            <file>file:/D:/Spring%202017/PRJ321%20-%20Web-based%20Java%20Applications/07%20-%20JSTL/U7-Lab/web/index.jsp</file>
            <file>file:/D:/Spring%202017/PRJ321%20-%20Web-based%20Java%20Applications/07%20-%20JSTL/U7-Lab/web/WEB-INF/web.xml</file>
            <file>file:/D:/Spring%202017/PRJ321%20-%20Web-based%20Java%20Applications/07%20-%20JSTL/U7-Lab/web/WEB-INF/tags/datagrid.tag</file>
        </group>
    </open-files>
</project-private>
